id,first_name,last_name,gender,salary,department,country
418274423,Bethanne,Poulsom,Female,847314,Product Management,Botswana
372209179,Bryanty,Jebb,Male,113507,Business Development,China
276759520,Bili,Foote,Non-binary,106078,Engineering,Democratic Republic of the Congo
81331176,Alysa,Brantzen,Female,657694,Product Management,Poland
231998870,Corissa,Gosker,Agender,763961,Engineering,Aland Islands
933548990,Meir,Primett,Male,775122,Sales,Czech Republic
41759259,Greta,Missington,Female,579933,Training,Iran
227798367,Charley,Farmloe,Male,899910,Services,Brazil
476695873,Case,Gorcke,Male,507392,Legal,China
346607873,Joan,Hillaby,Non-binary,895067,Human Resources,El Salvador
713713988,Barbra,Colbron,Female,111893,Marketing,France
500182837,Elsa,Dubery,Female,839141,Research and Development,South Africa
389999881,Jamie,Goering,Male,215128,Research and Development,Mexico
214997493,Chad,Milsted,Male,240219,Support,Nepal
20351626,Evy,Piscotti,Female,555457,Research and Development,Ukraine
423245759,Bailie,Yell,Male,496552,Engineering,United States
438332940,Alasdair,Hefforde,Male,996806,Sales,Afghanistan
675730437,Shannah,Springthorp,Female,724349,Legal,Russia
990103029,Garold,Yeoman,Male,692010,Marketing,Brazil
699622655,Othelia,Vogeller,Non-binary,198901,Business Development,France
353137783,Jacobo,Nijssen,Male,559173,Product Management,China
300225023,Kathryn,Kem,Female,170645,Product Management,China
935519224,Tessa,Bertl,Female,116640,Legal,United States
940537243,Axe,Haggith,Genderfluid,345636,Human Resources,Canada
634009151,Elke,Maffia,Female,404144,Engineering,Thailand
804579017,Durward,Brocking,Male,158490,Research and Development,China
862391335,Bee,Sent,Female,60035,Research and Development,Cape Verde
804458526,Adriena,Love,Female,681639,Marketing,Poland
527057277,Che,Beak,Male,722378,Services,Indonesia
168907741,Lyndel,Rouge,Female,999202,Services,Iran
659927974,Neall,Blackford,Male,820825,Research and Development,China
522868901,Erna,Clutram,Female,692950,Sales,China
40178267,Hester,Mew,Female,245667,Business Development,Vietnam
817750887,Monte,Kesten,Male,206929,Legal,Japan
932486362,Jolene,Dymocke,Female,59298,Human Resources,Lebanon
828116769,Dottie,Bottoms,Female,422343,Legal,Indonesia
103144929,Shelba,Foystone,Female,529187,Engineering,Indonesia
986719140,Margit,De Freitas,Agender,66560,Services,China
374894058,Thekla,Lilly,Genderfluid,336418,Engineering,Ukraine
187371569,Everard,Giacobo,Male,613974,Human Resources,Uganda
931742674,Claudian,Mingaye,Male,207452,Marketing,Panama
757287576,Harland,Vella,Male,299844,Training,Indonesia
703055145,Mort,Trustrie,Bigender,322577,Support,Portugal
762665419,Rhona,Fewtrell,Female,896075,Product Management,Sweden
611582692,Gasparo,Gaffer,Male,218866,Research and Development,Greece
252097029,Temp,Dailey,Male,461921,Support,Peru
461470693,Bernette,Tighe,Female,894301,Marketing,United Kingdom
353339799,Haywood,Baggallay,Male,805104,Engineering,Sierra Leone
967731951,Granthem,Davidwitz,Male,980168,Support,Serbia
503820614,Alvis,Osburn,Agender,768912,Research and Development,Ivory Coast
961460214,Fergus,Copley,Non-binary,977909,Research and Development,Azerbaijan
846160294,Filippo,Fippe,Male,816943,Marketing,Czech Republic
471804445,Clo,Balls,Female,321133,Product Management,Sweden
313010569,Junette,Daines,Female,522696,Engineering,Greece
836325362,Woody,Marchetti,Male,254011,Training,Philippines
364760291,Mohandis,Gatus,Bigender,555539,Services,United States
430655796,Alina,Gregson,Genderqueer,615204,Product Management,Brazil
972703765,Reta,Penburton,Female,221331,Training,Poland
56296421,Ephrayim,Jerrold,Male,744241,Accounting,Japan
223437403,Nealy,McCobb,Male,457711,Business Development,Benin
447394,Nollie,De Micoli,Male,696088,Engineering,France
736149499,Jamison,Rotter,Male,277077,Accounting,South Africa
819203105,Cilka,Lamblot,Female,775351,Research and Development,Indonesia
854400741,Aubrie,Barneveld,Female,692932,Training,United States
123708247,Tally,Kiddy,Agender,365085,Business Development,Ukraine
555585416,Mort,Rosencwaig,Non-binary,986659,Sales,Indonesia
385253176,Vi,MacKimmie,Female,185660,Sales,Russia
217746560,Royce,Gough,Male,741746,Sales,Luxembourg
667371382,Valdemar,Searsby,Male,355803,Research and Development,Philippines
370471868,Amara,Tolefree,Female,412428,Legal,Russia
504401752,Willa,Vauls,Female,981066,Product Management,China
815805152,Tim,Master,Male,868915,Legal,Russia
1088700,Riki,Oloman,Female,328221,Human Resources,Philippines
578107470,Sigismundo,Sandlin,Male,489019,Business Development,South Africa
428015094,Fianna,Pitkins,Female,310875,Sales,Czech Republic
325894641,Fleming,O'Carran,Male,210070,Training,Peru
272602350,Daffy,Pohling,Female,859736,Product Management,Indonesia
257385480,Jenilee,Sicily,Female,763433,Business Development,Serbia
736545643,Beryl,Issard,Female,718135,Services,Belarus
564799601,Desmund,Leythley,Male,899295,Research and Development,Indonesia
663645971,Katee,Santore,Female,868011,Engineering,Guyana
857669911,Lannie,Dulieu,Male,908541,Training,Saint Kitts and Nevis
524105066,Janka,Fitch,Female,169683,Legal,China
184545361,Maggi,Pariso,Female,521631,Support,Kyrgyzstan
480715273,Jo ann,Aveyard,Female,744521,Product Management,Malaysia
411672620,Steward,McGaughay,Male,619751,Services,Montenegro
585944405,Corrie,Yonnie,Male,310963,Marketing,Russia
252068436,Sharla,Enriques,Female,351132,Business Development,Indonesia
426730587,Adina,Rashleigh,Female,259561,Training,China
967146226,Cassius,Ledamun,Male,624171,Training,China
659071592,Cathe,Cushelly,Female,419065,Accounting,Russia
871076455,Emlyn,Smartman,Female,177402,Human Resources,Hong Kong
434800679,Nevin,Fawdrey,Male,772790,Sales,Mongolia
615927918,Victor,Aisman,Male,182078,Legal,China
965412505,Jarvis,Ibert,Male,548306,Research and Development,China
916199477,Kathy,Frangione,Female,107110,Product Management,Greece
469613145,Feliks,Girault,Male,414513,Training,Iceland
457087371,Vin,Johanssen,Male,450322,Research and Development,Indonesia
263106684,Cordy,MacAvaddy,Male,702524,Marketing,China
694416708,Fransisco,Craigheid,Agender,131955,Human Resources,Indonesia
980959529,Wallache,Morton,Male,413557,Legal,Indonesia
753625928,Gabriell,Eastman,Female,785819,Research and Development,Luxembourg
472608811,Freedman,Metham,Male,940496,Research and Development,Jordan
447810252,Mark,Hallt,Male,851822,Accounting,Indonesia
182744054,Druci,McSharry,Female,921494,Services,Zambia
580159706,Maxy,Limrick,Male,885620,Human Resources,Mali
602811121,Gloria,Gierth,Female,476500,Sales,Norway
214156141,Evelyn,Lambol,Female,66723,Support,Poland
350017951,Clem,Wife,Male,160994,Training,Russia
257526810,Stephanie,Chalkly,Female,987351,Research and Development,Ukraine
387674322,Ag,Mussen,Genderqueer,974685,Research and Development,Nicaragua
774536938,Danyette,Philipard,Non-binary,158255,Business Development,China
320337580,Edmund,Chillingworth,Male,813241,Support,Colombia
923186115,Sayer,Aggis,Male,281132,Services,Japan
589192561,Roscoe,Barrable,Male,942503,Business Development,Indonesia
817290485,Langston,Bambrough,Male,347565,Marketing,Indonesia
658741818,Dyann,Winley,Female,981936,Research and Development,Indonesia
75879615,Myrlene,Rabbitts,Female,942314,Support,Kazakhstan
192995863,Mercie,Durban,Female,166824,Legal,Canada
992238136,Dar,Camolli,Male,511761,Services,Indonesia
646479738,Talyah,Bevans,Female,534623,Engineering,China
412182054,Ebenezer,Lindenman,Male,793584,Support,Indonesia
459934947,Jodee,Bank,Female,54166,Support,China
721593132,Doralynne,Briston,Female,480231,Training,China
468353737,Boyce,Groarty,Male,165365,Research and Development,Portugal
832406147,Tadd,Sauvan,Male,501351,Business Development,Armenia
951152210,Gaultiero,Toffanini,Male,111740,Services,Sweden
758602294,Yoshiko,Coaster,Female,877522,Product Management,China
426649305,Aveline,Sexton,Female,558313,Product Management,Russia
798287225,Madelyn,Hardwell,Female,224637,Engineering,Indonesia
489694575,Dorisa,Lusk,Female,669552,Human Resources,Indonesia
765643333,Tabbie,Tongue,Male,812064,Engineering,Mexico
862481682,Colly,Naire,Female,960647,Training,Russia
250415041,Prudy,Narup,Female,546200,Product Management,Mali
907995611,Auberta,Dilley,Female,691626,Human Resources,Colombia
1790985,Emmalee,Heinsen,Female,941385,Engineering,Philippines
134537970,Bartholemy,Choffin,Polygender,553116,Engineering,China
998019521,Randy,Stockdale,Female,343977,Product Management,France
463467439,Rosemonde,Mannagh,Female,606556,Training,Belarus
676413285,Lindie,Kantor,Non-binary,648438,Marketing,Ukraine
379332646,Alley,Auletta,Male,942361,Engineering,Brazil
10562696,Gaby,Toulamain,Male,55426,Product Management,China
103333763,Sorcha,Leopold,Female,545298,Training,Poland
531546115,Vaughan,Herrema,Male,480646,Accounting,Poland
987732917,Johna,Thames,Female,298857,Research and Development,Brazil
591182966,Jenelle,Isakovic,Female,588926,Research and Development,United States
94540236,Emmet,Cromley,Male,566593,Business Development,Ukraine
852861880,Bamby,Cleft,Female,94478,Engineering,Armenia
605522183,Quinn,Moret,Non-binary,604634,Services,Philippines
53967083,Ozzie,Loton,Male,265805,Sales,Panama
795120688,Belicia,Ikins,Female,335063,Sales,Netherlands
874523992,Osbourn,Blunn,Male,281121,Sales,Brazil
277067480,Jae,Whotton,Genderfluid,599865,Engineering,Russia
143911325,Rici,Meneo,Female,809266,Engineering,Brazil
555656320,Yvon,Dyne,Male,462956,Accounting,Brazil
937800382,Rorie,Speeks,Female,67349,Business Development,Tanzania
504233239,Celinda,Gabby,Female,781794,Accounting,Ukraine
866082405,Adolphus,Haggleton,Male,187306,Product Management,China
427180095,Grove,Woodlands,Male,268936,Services,Czech Republic
694403357,Gordan,Derrington,Male,610120,Engineering,China
262682609,Parry,Dinzey,Male,138778,Human Resources,China
535850431,Harcourt,Dornan,Male,80555,Human Resources,Philippines
528053578,Ross,MacMearty,Male,883934,Services,Indonesia
986256907,Fayina,Greser,Female,74304,Human Resources,Norway
838164471,Valentin,Le Quesne,Male,491002,Sales,Russia
676902911,Ambros,Cruddas,Male,901699,Sales,Philippines
162053440,Alexandrina,Dowdney,Female,181674,Marketing,China
836035652,Rosabella,Klimochkin,Female,719301,Human Resources,Indonesia
884010566,Fulton,Fitzsymonds,Male,894818,Human Resources,South Korea
739835044,Flora,Kedge,Genderfluid,497432,Product Management,Russia
749901560,Dottie,Kupke,Female,639092,Research and Development,Gabon
133782904,Johnette,Penvarne,Female,942406,Services,Brazil
630965739,Lynnett,Bonass,Female,342677,Business Development,Netherlands
942550214,Darsie,Ivashinnikov,Female,743318,Accounting,Peru
957778886,Jason,Durham,Male,968355,Engineering,Indonesia
930731859,Selig,Jendas,Male,886454,Training,China
253333425,Ferdy,Simonin,Male,115053,Sales,Japan
181635622,Mandel,Smoote,Non-binary,554833,Business Development,Indonesia
57435654,Cordie,Gorringe,Male,744282,Sales,Thailand
733709887,Clayborn,Roache,Male,144905,Research and Development,Mauritius
850206689,Denise,Pellitt,Female,238823,Human Resources,Iran
310225412,Ulric,Humphrys,Male,953013,Sales,Democratic Republic of the Congo
189247083,Kiley,Aston,Polygender,404718,Training,Sweden
140935056,Dix,Cosens,Female,297161,Engineering,Norway
368115433,Pancho,Verbeke,Male,989644,Support,China
939898884,Zachariah,Stovold,Male,798839,Engineering,Philippines
437420634,Horace,Popplestone,Male,241827,Accounting,Tanzania
483418743,Kinnie,Brownsword,Polygender,480524,Support,Russia
700553235,Erma,McEvilly,Female,567137,Accounting,China
257815260,Jeremiah,Keaves,Male,500910,Training,Malawi
475180900,Fifine,Chancellor,Female,126259,Engineering,China
247933570,Alisha,Tattersill,Female,740166,Accounting,China
138312263,Eliza,Litherland,Female,97159,Product Management,Costa Rica
816159413,Abbey,Carrington,Male,386065,Training,China
825712106,Rafaela,Bloan,Female,183414,Sales,Indonesia
49914420,Kay,MacDowall,Female,139162,Human Resources,Brazil
231951098,Merle,Sandeson,Male,218379,Training,China
990720604,Bert,Pinchen,Female,787798,Business Development,Brazil
556205794,Bonni,Dronsfield,Female,826458,Business Development,Peru
526851375,Jerry,Pemble,Genderqueer,879515,Legal,Russia
57451510,Chiquita,Brothwell,Non-binary,84243,Business Development,Argentina
313915245,Emlyn,Braden,Female,557601,Services,Thailand
140611653,Pandora,Whitlow,Genderfluid,841418,Business Development,Portugal
944342844,Griselda,Murrigans,Female,950135,Legal,Australia
571003998,Tildi,Hullock,Female,100694,Services,France
995123746,Griffie,Sotheron,Male,494079,Legal,Sweden
390129343,Jae,Tomkiss,Male,350048,Product Management,China
5669866,Vikki,Martinovic,Female,850062,Product Management,Indonesia
83116354,Levy,Cuttin,Polygender,523672,Human Resources,United States
76412935,Evin,Beaudry,Genderfluid,962743,Services,Czech Republic
911531306,Gerrard,Lorek,Male,867173,Business Development,Philippines
420722583,Inglis,Gillean,Male,905902,Training,Mexico
978048742,Kristin,Matzkaitis,Female,336327,Sales,Nigeria
997541951,Peri,Saing,Female,304328,Training,South Africa
598284195,Agneta,Bramont,Female,704254,Business Development,Ireland
817021780,Arne,Fowls,Male,70841,Support,Colombia
267055968,Clio,Morando,Female,294629,Sales,Brazil
152811612,Gail,Kiljan,Female,58990,Product Management,Mongolia
96510622,Rodolfo,Bert,Male,696896,Services,Indonesia
611573205,Clevie,MacAless,Male,704323,Engineering,Indonesia
468350585,Phaidra,Virgo,Female,434071,Legal,Czech Republic
834539209,Hillyer,Peckitt,Male,924282,Business Development,Brazil
350036005,Georgy,Von Hindenburg,Male,165281,Marketing,China
471658642,Kaitlynn,Piff,Female,334784,Product Management,Russia
178245277,Carlita,Franchi,Female,880549,Accounting,Russia
827367855,Boycey,Cogan,Male,759373,Marketing,Portugal
552237663,Berky,Keynd,Male,477078,Training,China
936378427,Jaye,Suckling,Genderqueer,303433,Marketing,Indonesia
349620479,Ema,Olivas,Female,878863,Sales,Portugal
297287481,Lacy,Mariault,Agender,888006,Research and Development,China
347286238,Rees,Garton,Male,228115,Product Management,Czech Republic
510462278,Sean,Kynett,Male,450941,Engineering,Indonesia
28702807,Iolande,Grocutt,Female,309467,Support,Sweden
667286210,Cristobal,Staunton,Male,550827,Human Resources,Guatemala
403847344,Elmer,Aust,Male,519700,Support,Portugal
469966868,Mattie,Sell,Male,668354,Support,Burkina Faso
616316777,Padget,Skayman,Male,605047,Training,China
562270522,Quintus,Enevold,Male,961496,Human Resources,France
222504814,Odelle,Sorrel,Female,599326,Training,Canada
357737664,Abie,Zmitrichenko,Male,107372,Engineering,Sweden
677012510,Garrett,Palek,Male,852907,Sales,Norway
197315777,Nola,McGrirl,Female,452571,Human Resources,Poland
400018854,Dari,Marcinkowski,Female,767503,Human Resources,China
507339835,Walker,O'Dooghaine,Genderqueer,499101,Marketing,Albania
703977989,Emmit,Novichenko,Male,463654,Product Management,China
810645218,Cristi,Jennison,Polygender,989752,Product Management,Democratic Republic of the Congo
768142091,Holly-anne,Williamson,Agender,971292,Research and Development,Colombia
870473333,Gussi,Satterfitt,Female,401187,Training,United States
396017056,Allie,Grinnov,Female,142181,Research and Development,Portugal
370706662,Andres,Abatelli,Male,610764,Engineering,Colombia
797133878,Elmer,Collister,Genderfluid,467183,Sales,Haiti
137721,Robbert,Titlow,Male,550152,Support,France
225111136,Myles,Erley,Male,863940,Services,Indonesia
303482349,Doti,Withers,Female,57891,Support,United States
899271486,Tamas,Rowthorne,Male,93866,Training,Brazil
303720646,Jarrett,Linster,Male,51977,Services,United States
570452543,Cosmo,Alten,Male,826022,Human Resources,Indonesia
208473843,Lisha,Tarren,Non-binary,283996,Legal,Russia
105165792,Renee,McLellan,Female,637981,Support,Laos
334623238,Raine,Wyss,Female,988769,Sales,Indonesia
896799103,Fedora,Whilde,Female,860819,Legal,Indonesia
660009905,Daloris,Di Pietro,Female,272875,Training,China
961052222,Gayle,Allibone,Female,546975,Services,Czech Republic
576723430,Brooks,Hannay,Male,174456,Sales,China
148417393,Janeen,Hopfer,Female,290453,Legal,United States
397755834,Brannon,Spowart,Male,311026,Accounting,Indonesia
578905545,Adrian,Dairton,Female,687862,Sales,Ivory Coast
362757844,Miltie,Gilffillan,Male,169419,Engineering,Honduras
351914182,Meggy,Questier,Female,342055,Business Development,Russia
430109510,Lucilia,Dedden,Female,103061,Engineering,Indonesia
899770850,Joye,Denmead,Female,412165,Research and Development,Indonesia
841750892,Lianna,Sorsby,Female,584955,Business Development,Lithuania
429814726,Elyse,Sowray,Female,268917,Sales,Angola
414771039,Gardy,Barles,Male,802617,Support,Japan
245854941,Christi,Wisedale,Female,938130,Sales,Sweden
189294859,Kris,Carvil,Female,500008,Business Development,Brazil
976178198,Cathyleen,Lowdiane,Polygender,230270,Research and Development,Portugal
695947012,Koo,Izak,Female,643117,Accounting,Sweden
685131632,Whitney,Goldston,Male,220576,Training,Indonesia
671812462,Nalani,Ollivier,Bigender,935564,Marketing,Poland
615649379,Isaak,Antognetti,Male,403830,Human Resources,Thailand
280861495,Reube,Gabby,Genderqueer,318451,Services,Greece
91902531,Candra,Buckingham,Female,850191,Research and Development,Portugal
830061861,Caldwell,Robertet,Male,945386,Training,Indonesia
643862160,Emiline,Charlot,Polygender,369299,Training,Portugal
314184745,Wittie,Aleevy,Male,454809,Accounting,Czech Republic
985402920,Harwilll,Paeckmeyer,Male,388907,Services,Nicaragua
71648238,Brooke,Auten,Male,957664,Training,Bulgaria
489362483,Dominique,Luttgert,Female,843122,Training,Ukraine
716589667,Allsun,Poundsford,Female,66100,Marketing,Czech Republic
18601018,Louella,Sherrott,Female,242239,Training,Haiti
662184173,Leta,Nesbitt,Female,95372,Accounting,Macedonia
17828263,Phylis,Marple,Female,555789,Training,Belarus
724881949,Persis,O'Cahill,Female,522850,Product Management,China
449016795,Alexei,Viant,Male,811806,Legal,China
53732917,Gusella,Boote,Female,238328,Training,Nigeria
759151371,Coop,Alaway,Male,562577,Marketing,South Africa
122315982,Seana,Cearley,Female,954057,Accounting,Bulgaria
412729724,Meade,Leman,Female,291851,Legal,Pakistan
419863488,Mei,Toogood,Female,81072,Product Management,China
810057750,Jannelle,Stoppard,Female,84037,Product Management,China
184987165,Maxy,Odgaard,Male,732100,Business Development,Sweden
327658033,Meredith,Weddell,Male,867863,Accounting,France
944285164,Spense,Marginson,Male,363103,Human Resources,Indonesia
5964357,Hillard,Kinch,Male,450520,Support,Indonesia
511036410,Katherine,Davenall,Female,208346,Business Development,Kosovo
687035931,Nicholas,Mose,Male,999080,Marketing,China
700628633,Xenia,Lundon,Female,394359,Support,China
629373725,Herby,Vedyashkin,Male,513224,Accounting,China
86688211,Llywellyn,Meegin,Male,320687,Business Development,Indonesia
851553228,Guntar,Ramsbotham,Male,529638,Sales,China
17347579,Jaimie,MacIlriach,Female,446012,Business Development,Greece
951022494,Imogen,Lieber,Female,419873,Legal,China
701466583,Tomasina,Pautot,Female,777557,Support,Indonesia
444763297,Ameline,Gorrie,Female,922209,Research and Development,China
623332322,Fitz,Paliser,Bigender,77007,Support,Finland
150708624,Lombard,Fosberry,Male,117785,Support,China
599945244,Jorgan,Chatterton,Male,55503,Legal,Philippines
238012732,Goran,Vickars,Male,716312,Support,China
536490712,Rowe,Enriques,Female,822203,Human Resources,Denmark
868482330,Natala,Broker,Female,244073,Services,Peru
60498383,Palm,Iashvili,Male,113505,Product Management,Indonesia
283745279,Adriano,Langstone,Male,87526,Business Development,Ukraine
93250864,Di,Remmers,Female,471753,Services,France
63913954,Melina,Coulthart,Female,230706,Human Resources,Portugal
450494469,Haily,Tither,Female,833159,Research and Development,Indonesia
404033977,Chauncey,Ludmann,Male,462316,Engineering,Thailand
334159677,Alvina,Ramelet,Female,623857,Support,France
987059545,Evangelina,Union,Agender,488429,Human Resources,Indonesia
907842828,Garik,Andreou,Male,989034,Human Resources,Brazil
273707865,Wilona,MacKeeg,Female,140932,Product Management,China
388278781,Estele,Cassimer,Female,926797,Training,Philippines
870016436,Melissa,Cusick,Female,472157,Support,Sweden
819436885,Ronica,Ivantyev,Female,595520,Legal,Portugal
166895544,Pearce,Meiklejohn,Male,255725,Marketing,Philippines
434990196,Jimmy,Westnedge,Male,759390,Engineering,Brazil
27245026,Vilma,Biaggioni,Female,362435,Services,Russia
629528955,Yule,Niles,Male,625303,Human Resources,China
554184263,Trudy,Saunt,Female,408254,Business Development,Poland
44461844,Ranique,Banister,Female,129025,Accounting,China
367034238,Ethelred,Dionsetto,Male,161156,Legal,Czech Republic
33309819,Eleonore,Treacy,Female,77238,Research and Development,Palestinian Territory
64782047,Mariel,Vasyukhnov,Female,887177,Training,Argentina
295384075,Krissy,Gunson,Female,145667,Research and Development,Albania
249082566,Ryun,Boeter,Male,256997,Human Resources,China
466712590,Robbie,Richter,Bigender,854673,Training,Colombia
893864252,Niel,Milliken,Male,975277,Sales,China
310889584,Guglielma,Kohneke,Non-binary,242943,Legal,Japan
758934249,Elianora,Bust,Female,476469,Accounting,Russia
331819190,Arlen,Tregiddo,Male,708505,Legal,United States
154301116,Cecile,Killelea,Female,164646,Business Development,Russia
226862167,Oswald,Jordine,Male,973458,Sales,France
532234464,Anatole,Klimus,Male,193729,Services,Brazil
437126299,Cullin,Voisey,Male,306716,Accounting,Poland
93601729,Jack,Aysik,Male,104066,Sales,Argentina
373443249,Ellery,Kilmurry,Male,174234,Support,Ethiopia
218348784,Collen,McGeaney,Female,165676,Legal,Indonesia
138576219,Vin,Eastway,Female,660107,Engineering,Philippines
369499146,Archibold,Taffrey,Male,850758,Marketing,China
869855169,Goddart,Raith,Male,480938,Support,Czech Republic
16945163,Salaidh,Corsan,Female,479212,Product Management,Ukraine
378761573,Granny,Concannon,Male,265911,Product Management,Greece
401715790,Rose,Simonds,Female,303547,Business Development,Switzerland
605100783,Koenraad,Wensley,Male,446698,Engineering,Philippines
953893956,Doreen,Warland,Female,857142,Services,Indonesia
258428697,Stearne,Le - Count,Male,426173,Training,Russia
179077706,Anica,Sans,Female,847642,Research and Development,Czech Republic
139535628,Martica,McReidy,Female,926185,Support,Thailand
660340701,Shalne,Kondratenko,Female,631071,Human Resources,Indonesia
445391487,Amerigo,Wasylkiewicz,Male,181923,Sales,Syria
421099064,Obed,Le Grove,Male,782780,Research and Development,Benin
680642796,Leonore,Avarne,Female,175144,Engineering,China
850429418,Quinn,Fergusson,Male,531730,Research and Development,China
623112764,Tobe,Havile,Male,318275,Research and Development,Indonesia
37487822,Lurleen,Allchorn,Female,999173,Services,Zimbabwe
471581178,Violet,Colwill,Female,289620,Human Resources,China
542152475,Tibold,Norquoy,Male,547900,Support,Norway
934786332,Nicolai,Methingam,Male,315164,Engineering,Portugal
856184192,Ethelind,McDade,Female,958097,Sales,Malaysia
621460811,Alyda,Geillier,Genderqueer,767073,Engineering,Indonesia
81607777,Sallie,Spir,Female,928347,Business Development,Hungary
526075704,Sharleen,Nucci,Female,93532,Sales,France
109409150,Merlina,Summergill,Female,681824,Legal,Japan
132694697,Dotty,Bawcock,Female,54873,Sales,China
896565656,Dulsea,Connett,Female,682380,Engineering,Argentina
605727076,Leela,Bluck,Bigender,446378,Training,Indonesia
187448119,Brittaney,Dulany,Female,931824,Research and Development,France
102877493,Leighton,Presdie,Genderqueer,310455,Marketing,Indonesia
422733496,Talbert,Kiddle,Male,664248,Human Resources,China
461432171,Ingar,Atterley,Male,589002,Training,Russia
570556371,Jamaal,Rous,Male,567013,Marketing,Vietnam
384505086,Leena,Croisier,Female,650563,Research and Development,Philippines
261051733,Weider,Rothwell,Male,53397,Support,China
584978398,Fernanda,McKew,Female,877659,Business Development,Lebanon
860248068,Hermia,Witcherley,Female,899829,Marketing,Indonesia
858765306,Duane,Trencher,Male,467678,Business Development,Chile
831370106,Sayres,Dot,Male,597052,Engineering,New Caledonia
95810640,Randi,Calbreath,Female,662665,Training,Italy
648137649,Gifford,Line,Non-binary,416899,Legal,Czech Republic
694669795,Edna,O'Corhane,Female,248322,Accounting,Ethiopia
187018156,Malcolm,Stoakley,Genderfluid,606301,Business Development,Indonesia
537068035,Brinna,Cassidy,Female,348541,Engineering,China
469174473,Dasie,Castanie,Genderfluid,843015,Human Resources,Nigeria
395427288,Mamie,Scroxton,Female,119685,Accounting,Philippines
151483709,Butch,Giacoboni,Male,255338,Legal,Indonesia
91219710,Standford,Berfoot,Male,59806,Training,Indonesia
294359419,Orelle,Kingh,Female,563621,Services,China
462303862,Tabbie,Iron,Agender,228810,Accounting,Thailand
812392011,Cole,Cradduck,Male,365033,Human Resources,Slovenia
961314081,Kimbell,Paridge,Male,478966,Legal,Indonesia
777453078,Riley,Burtwhistle,Male,903881,Engineering,Sweden
146231897,Taddeusz,Bonnick,Male,404315,Support,Paraguay
359137924,Gardy,Blindmann,Male,104456,Research and Development,Indonesia
450091793,Clem,Purchall,Male,718382,Marketing,China
72221827,Biron,Duberry,Male,547412,Accounting,Thailand
853913903,Otto,Skeete,Male,493471,Accounting,France
55220632,Fawne,MacAndie,Female,200123,Research and Development,Palau
763363944,Charisse,Tipping,Genderqueer,768979,Research and Development,China
725751982,Dicky,Dike,Male,313796,Services,Sweden
830985039,Jeana,Mead,Genderfluid,169062,Legal,Guinea
350280941,Robinett,Garner,Female,618162,Training,Portugal
921480068,Reinwald,Wadeling,Male,872982,Services,Argentina
538875374,Bobina,Grimolbie,Female,288206,Services,Mongolia
175736784,Gizela,Edess,Female,130837,Training,Philippines
171411510,Kenton,Liles,Male,404419,Sales,Kenya
499993672,Jodi,Edmed,Male,562650,Training,Indonesia
324513400,Shannah,Garside,Female,829690,Research and Development,Palestinian Territory
156436453,Willi,Amsden,Male,86273,Training,China
496653987,Chauncey,Barthram,Male,917204,Business Development,China
660587357,Edgardo,Rodgers,Male,424857,Training,South Korea
759269837,Werner,Pentycost,Male,65061,Product Management,South Africa
28602611,Stinky,Lammas,Male,228019,Sales,Ivory Coast
612350433,Kamillah,Lippo,Female,830823,Product Management,Peru
817481874,Syman,Redsell,Male,185161,Product Management,Brazil
259450546,Ainslie,Dragge,Female,585438,Accounting,Portugal
69468748,Tobe,Kalkofer,Male,808602,Services,Japan
827572172,Georgi,Stripling,Male,99826,Support,Russia
491515665,Dorice,Hunstone,Female,380089,Research and Development,Indonesia
459981904,Desiri,Levett,Female,396868,Sales,Syria
940219799,Dre,Ovenell,Female,535355,Support,Morocco
862185389,Otho,Gudyer,Male,185452,Support,Spain
446401756,Gideon,Abdy,Male,635222,Marketing,Bulgaria
534686840,Joey,Shelper,Female,698864,Sales,Russia
731597764,Lorrie,De Simoni,Female,887059,Human Resources,Indonesia
516122513,Salvador,Smead,Male,393043,Engineering,Mozambique
615844700,Buck,Whitebrook,Male,190461,Accounting,Sweden
364146121,Holly,Barendtsen,Genderqueer,696655,Accounting,China
791758278,Nissie,Fenck,Female,669516,Accounting,Syria
928578039,Nance,Little,Female,961350,Marketing,Indonesia
981810372,Barrett,De Vile,Male,613525,Marketing,China
168116061,Marcille,Maypowder,Female,555133,Services,Greece
258945078,Robinett,Jovis,Bigender,706505,Human Resources,Qatar
860548020,Armand,Bowdler,Male,134401,Marketing,Russia
177380435,Lancelot,Gabbatiss,Male,911101,Business Development,China
968850584,Malvina,Clubley,Female,601166,Support,Philippines
742382693,Candace,Capel,Female,896298,Legal,Philippines
810759160,Kary,Moland,Female,160407,Training,Indonesia
565740377,Randall,Mariault,Male,643592,Legal,Philippines
814723473,Puff,Shervil,Male,797212,Services,Indonesia
273330112,Nancie,Grumell,Female,102700,Accounting,Portugal
869989125,Winfield,Gregersen,Male,179052,Support,Lithuania
205306034,Russ,Burdas,Male,271364,Accounting,China
90803646,Courtney,Stirling,Male,398712,Accounting,South Africa
980000367,Catharina,Amyes,Female,839319,Legal,China
315753325,Rriocard,Massingham,Male,215208,Human Resources,Philippines
979308776,Johnathon,Bottelstone,Male,994301,Business Development,Philippines
68931045,Kevon,McShirrie,Male,756207,Engineering,Brazil
595928518,Sloan,McLinden,Male,729157,Engineering,France
879079276,Sibbie,Marritt,Female,885968,Legal,Malta
419658305,Maryl,Branthwaite,Female,842602,Training,Afghanistan
781278375,Fletch,Abramovitch,Agender,78159,Research and Development,China
858935049,Mayne,Bewley,Male,931885,Legal,Indonesia
495149184,Rodolphe,Stidever,Male,190808,Business Development,Ireland
279078512,Tessie,Lefever,Female,135912,Marketing,Bulgaria
216463720,Clarisse,Shiers,Female,618151,Sales,Philippines
377402189,Kyle,Blewis,Male,945791,Accounting,China
989128292,Jesus,Heinzel,Male,467481,Product Management,Colombia
47199410,Tim,Ives,Female,131269,Legal,Czech Republic
31513833,Donnie,Winslow,Female,643474,Legal,Brazil
648628774,Robbie,Oldrey,Polygender,207013,Services,China
897589111,Shamus,Edgley,Male,709252,Services,Azerbaijan
914027928,Anallise,Gascoyne,Female,896125,Engineering,Thailand
3318394,Donavon,Grady,Male,749452,Research and Development,China
834232693,Gregory,Phare,Male,989770,Support,Ivory Coast
154933032,Antonie,Brixham,Female,962958,Support,China
859838082,Marcile,Robshaw,Bigender,116800,Human Resources,China
9899258,Adair,Sange,Male,960214,Accounting,Indonesia
637758505,Anne,Critten,Female,304788,Research and Development,Iran
702431933,Michaela,Gong,Female,113901,Legal,Myanmar
901400231,Carlynn,Ocheltree,Female,767579,Accounting,China
242715653,Gisella,Craufurd,Female,417349,Product Management,Argentina
753433972,Maighdiln,Godfree,Female,497900,Research and Development,Philippines
714388697,Jerri,Common,Male,395183,Human Resources,Russia
726970452,Imogen,Pilsworth,Female,934522,Business Development,Malaysia
546738104,Doretta,Colwell,Female,319733,Legal,Indonesia
795807231,Pietro,Arnecke,Male,260485,Business Development,Morocco
975669469,Jacky,Broadwell,Female,258416,Marketing,Honduras
728090848,Lorettalorna,Reavey,Female,950084,Training,China
706677334,Ema,Hrinchishin,Female,177667,Accounting,China
556387999,Yanaton,Yegorev,Male,746604,Legal,Indonesia
234543784,Arlen,Andreix,Female,464206,Accounting,France
515778854,Immanuel,Degenhardt,Male,271093,Support,Ethiopia
631652219,Dale,Northcliffe,Non-binary,530812,Accounting,Albania
273640310,Jeddy,Jaggs,Male,837091,Sales,China
387312920,Iolande,Collidge,Female,702395,Legal,Indonesia
689811922,Dietrich,Hobble,Male,593183,Human Resources,China
260681622,Adey,Danilchenko,Non-binary,89216,Business Development,China
876418000,Cristobal,Goby,Male,793240,Research and Development,Malta
969717642,Erinn,Laird,Female,303744,Training,Indonesia
537607533,Kin,Guthrie,Male,413667,Services,Dominica
269542211,Petunia,Errichiello,Bigender,819034,Business Development,Indonesia
502159142,Marget,Sonner,Female,887202,Legal,China
339645405,Patsy,Chateau,Female,510342,Product Management,Haiti
138944773,Annie,Gatland,Female,159814,Legal,Indonesia
401677954,Pauly,Hallock,Male,586232,Business Development,Russia
373373469,James,Sellan,Male,651166,Engineering,China
938418691,Farrel,Tomkins,Male,759103,Legal,China
714014682,Joeann,Hallwell,Female,524678,Research and Development,Kazakhstan
930114104,Fidel,Hackney,Male,600867,Services,Brazil
447318270,Gerard,Lusty,Male,800512,Accounting,Ghana
710738298,Violet,Goodbourn,Female,105299,Human Resources,Poland
621858728,Scarlet,Tatlock,Non-binary,131893,Human Resources,Iran
634319527,Miguel,Wharton,Non-binary,717658,Engineering,China
786717390,Florri,Kiernan,Female,471288,Human Resources,Russia
133551829,Elmo,Belcher,Male,852325,Marketing,Sweden
476616063,Bradly,McGraith,Male,655779,Human Resources,Peru
750351526,Mike,Cribbins,Male,680419,Human Resources,France
225919382,Lauryn,Muirden,Female,643547,Business Development,Greece
174430381,Jeffrey,Kornel,Agender,872046,Product Management,Sint Maarten
908439503,Lyndsay,Goodge,Female,195273,Services,Thailand
317856808,Yuri,Ambler,Male,948281,Training,Kosovo
379442241,Fairlie,Christie,Male,118377,Product Management,China
111751650,Misty,Maccaig,Female,360383,Research and Development,Czech Republic
838818937,Gherardo,Treneman,Male,526935,Legal,Russia
285168659,Dawna,Freschi,Bigender,167935,Accounting,China
434044717,Rinaldo,Nend,Male,693410,Business Development,Russia
758047714,Barnabas,Cleevely,Male,126571,Engineering,Bangladesh
583289121,Phillipe,Tomkiss,Male,243162,Training,Nigeria
494996952,Josi,Buist,Female,256400,Sales,Russia
79881913,Hagan,Threadgold,Male,990665,Legal,Philippines
738907047,Troy,Eastcott,Male,704971,Sales,Colombia
610802171,Denys,Mantz,Female,403708,Human Resources,Uzbekistan
432232540,Kora,Guihen,Polygender,385687,Product Management,China
492971808,Mattie,MacWilliam,Polygender,803987,Human Resources,Azerbaijan
171979404,Doe,Callery,Female,573544,Accounting,Pakistan
156235362,Ferne,Mauchline,Female,998731,Training,China
845881025,Damara,Chatain,Genderqueer,912373,Research and Development,Yemen
323668185,Sloane,Guisby,Male,166798,Support,Slovenia
695740698,Aguistin,Serginson,Male,948799,Sales,Poland
517498487,Loise,McComiskey,Female,721354,Services,Macedonia
701059226,Kristopher,Pugh,Male,228130,Training,Russia
797707773,Hurley,O'Shiels,Male,714117,Sales,Portugal
859178403,Bev,de Savery,Female,403189,Product Management,China
647838359,Stewart,Longworth,Male,705566,Research and Development,Serbia
200951489,Rip,Ilem,Male,674763,Marketing,China
663592186,Andris,Lyfe,Male,782096,Services,Portugal
99591119,Kain,Accombe,Male,453765,Engineering,China
635086767,Jessamyn,Adan,Female,500146,Engineering,China
201928548,Lorelle,Sturges,Female,888645,Business Development,Brazil
321696339,Patrice,Legan,Genderfluid,947430,Marketing,Colombia
879138945,Thaxter,Barbrick,Male,527740,Training,China
374567984,Sibella,Tunnah,Female,453810,Business Development,Philippines
798894859,Mandel,Bickley,Male,427361,Legal,Peru
426851797,Nannie,Themann,Female,833302,Training,Russia
222574316,Rory,Brunn,Male,788178,Human Resources,Czech Republic
380537155,Arley,Morman,Genderqueer,417745,Marketing,Tuvalu
544076789,Hobie,Coogan,Male,774196,Business Development,Serbia
904629855,Garwood,Cheke,Male,673234,Business Development,Poland
829456853,Willie,Raynes,Non-binary,574399,Marketing,Ireland
152952553,Collie,Nendick,Female,93179,Human Resources,Brazil
566321077,Ermanno,Jellicorse,Male,796104,Legal,Ukraine
896325556,Dinny,Eard,Polygender,491555,Sales,United States
160491267,Pennie,Kantor,Non-binary,827461,Training,Indonesia
500376302,Nev,Smalls,Male,195782,Training,Netherlands
44895524,Hobey,Dahmke,Non-binary,210621,Legal,Dominican Republic
251526056,Tory,Mardoll,Female,698006,Services,United States
773179498,Terrence,Milby,Male,402712,Marketing,Indonesia
260487778,Chrotoem,Bussell,Male,475017,Services,Indonesia
125021281,Linet,Viegas,Female,913996,Business Development,Poland
773109112,Barthel,Gilliam,Male,247928,Legal,China
828753006,Renaud,Dussy,Genderfluid,133570,Engineering,Indonesia
373659055,Domingo,Keedwell,Male,73369,Business Development,Indonesia
377915614,Aldus,Beek,Male,184278,Engineering,Russia
159859667,Perceval,Tearle,Male,233791,Human Resources,Poland
126402539,Hazel,Side,Male,512257,Support,Bangladesh
249947562,Lara,MacCaull,Polygender,706316,Human Resources,China
418191291,Maxim,Waterhous,Male,956265,Research and Development,Thailand
471970532,Lisbeth,Crinson,Female,652821,Engineering,Croatia
453766310,Catie,Dyshart,Female,117263,Support,United States
495119187,Benni,Clashe,Female,675975,Research and Development,China
246200730,Monroe,Minors,Male,287351,Sales,China
734015048,Solly,Daventry,Male,509920,Services,Philippines
335850340,Sydel,Kas,Female,113739,Marketing,China
860839501,Hermine,Rembaud,Female,756678,Training,France
849672562,Claude,Hedling,Female,812829,Product Management,Indonesia
818380603,Alphonso,Baxstare,Male,462510,Marketing,Honduras
285234085,Adoree,Hollyman,Female,424936,Legal,United States
617379217,Wallas,Foxon,Male,574228,Services,China
258955302,Breena,Gotobed,Female,541200,Training,Lithuania
264973339,Fleming,Concannon,Male,902206,Sales,Brazil
359445417,Morten,Gallo,Male,564317,Support,Russia
455507028,Michaeline,Danilyuk,Female,365556,Product Management,Brazil
822697657,Ewen,Hekkert,Male,860065,Human Resources,China
399222550,Arlinda,Vannini,Female,197809,Sales,China
418523023,Orland,Kunisch,Male,876897,Accounting,Chile
326218179,Malissia,Domelaw,Female,258363,Services,Philippines
907624310,Norrie,Beebe,Male,215218,Accounting,China
730356925,Leanor,Brobeck,Female,594794,Training,Indonesia
108228945,Brucie,Cradock,Male,657715,Support,Ireland
106251204,Hebert,Hamshere,Male,571848,Services,France
223665625,Annemarie,Conyers,Female,758900,Marketing,China
254944519,Muriel,Coveney,Female,171916,Business Development,Eritrea
403254070,Paddy,Palay,Male,163233,Support,Venezuela
429920399,Yvette,Scourge,Female,163742,Sales,China
251342669,Waverley,Dullard,Male,909365,Human Resources,Sweden
314008700,Brooks,Stirzaker,Male,836286,Human Resources,Peru
789160046,Yanaton,Tangye,Male,632604,Training,Brazil
559523945,Mycah,Meins,Male,596072,Support,Syria
234461587,Shirline,Baxster,Female,237119,Marketing,Tanzania
605559360,Rosamund,Frail,Genderfluid,334934,Sales,Indonesia
117992633,Valle,Ramiro,Male,621935,Training,Poland
613648775,Larry,Sterricks,Male,894262,Product Management,China
34569809,Jonathan,Whyberd,Male,508308,Research and Development,France
868138205,Druci,Cossey,Female,583783,Business Development,Nigeria
904114639,Brody,Custance,Male,93436,Accounting,Burkina Faso
520462368,Maribelle,Skoate,Female,521160,Business Development,Vietnam
63456015,Foster,Etheredge,Male,982961,Product Management,Jamaica
515142470,Ede,Simko,Female,726441,Training,Brazil
469952594,Annette,Breddy,Genderfluid,604399,Engineering,Brazil
527051194,Kristy,Marlor,Polygender,231868,Research and Development,Central African Republic
872968855,Rina,Morson,Female,552595,Training,China
37024779,Rycca,Tett,Female,850839,Sales,Japan
447202551,Phillis,Stoop,Female,799778,Services,Vietnam
782692307,Amalia,Shewen,Female,943821,Training,Czech Republic
447684242,Hedy,Crosswaite,Female,860331,Product Management,China
895395380,Darryl,Matsell,Male,778149,Business Development,Portugal
231466119,Corbie,Eastam,Male,877685,Sales,Albania
171654865,Ian,Jefferys,Male,252288,Human Resources,Indonesia
94297771,Armand,Cordy,Male,652623,Accounting,Poland
651065011,Lisha,McFetridge,Female,687323,Support,Serbia
555192044,Hannah,Gillease,Female,651144,Marketing,China
240444611,Katherina,Huckerby,Genderqueer,308825,Engineering,Philippines
315857842,Delila,Drummer,Female,319483,Support,China
36601312,Misti,Flannery,Female,566916,Human Resources,Germany
301374099,Alfy,Topper,Male,957288,Marketing,Argentina
64210062,Feliks,Timperley,Male,237387,Accounting,China
546470394,Goddart,Roisen,Genderfluid,60746,Business Development,Nigeria
565426957,Dominick,Give,Genderqueer,989935,Human Resources,Pakistan
343064280,Frankie,Hammerman,Male,658799,Training,Poland
479922593,Elle,Vegas,Female,422525,Human Resources,Vietnam
902295290,Amby,Gimber,Male,463040,Training,Philippines
417555656,Jojo,Barbe,Female,973256,Product Management,United States
54580882,Brooks,Lissandri,Male,388396,Human Resources,Indonesia
352150148,Sukey,Northcott,Female,543301,Accounting,Mexico
55662993,Lurette,Haugg,Female,908580,Support,Honduras
386200461,Vincenz,Friday,Male,874610,Legal,Nigeria
865423118,Zora,Cromb,Female,344286,Services,Indonesia
481775580,Jayson,Skipperbottom,Male,453829,Legal,Canada
138381776,Kellby,Hurrion,Male,313582,Training,China
130265825,Dania,Yeoland,Female,391886,Marketing,Portugal
268346349,Brennen,Taffie,Male,800725,Legal,Indonesia
435162373,Rodrigo,Minghetti,Male,112892,Engineering,Sweden
351221745,Millie,Goldsmith,Female,460112,Research and Development,China
889764891,Letty,Heaviside,Non-binary,540018,Research and Development,Ukraine
313249590,Dre,Siddaley,Polygender,903256,Human Resources,Brazil
497303068,Nathaniel,Malletratt,Male,191715,Research and Development,China
32926541,Shay,Thormann,Female,613947,Accounting,Brazil
475687249,Brana,Hatliff,Female,867734,Business Development,Philippines
290795536,Spenser,Martell,Male,398371,Training,Thailand
557537703,Barney,Hulstrom,Male,208373,Legal,Panama
987691425,Pammi,Sargant,Female,142454,Sales,China
405999966,Finn,Pluthero,Male,845849,Engineering,Colombia
9906164,Franciskus,Newnham,Male,491679,Business Development,Colombia
979395946,Rhodie,Danielut,Female,143908,Research and Development,Indonesia
104979928,Maurine,Haack,Female,89189,Training,China
613257778,Annabelle,Cheltnam,Bigender,867588,Engineering,Sweden
981260856,Zack,Spir,Male,71130,Product Management,Malaysia
229875383,Fayina,Petersen,Female,404851,Business Development,Iraq
221318078,Carena,Lomasny,Female,732031,Business Development,Portugal
574270056,Sax,Bird,Male,497143,Legal,China
302578536,Carlie,Botger,Genderfluid,137586,Business Development,Malaysia
172430455,Dasie,Adam,Female,139685,Research and Development,Sweden
589019163,Tyne,Kinghorn,Female,184986,Product Management,China
524989839,Nahum,Coddrington,Male,441130,Human Resources,Philippines
931938362,Lorene,Doore,Female,661918,Support,Canada
817162250,Marshall,Crowden,Male,100758,Support,China
989560964,Kerry,Berthelet,Male,932095,Human Resources,Philippines
800257123,Liva,Meth,Female,987092,Sales,Indonesia
137591343,Emera,Botler,Female,816311,Accounting,Indonesia
950881454,Karita,Lorraine,Female,931182,Research and Development,Peru
757373326,Laird,Kindred,Male,59618,Support,Thailand
847678407,Wadsworth,Smeeton,Male,394577,Training,China
864909294,Zach,Warne,Male,987998,Research and Development,China
62651605,Donica,Reolfo,Female,380084,Legal,Philippines
243168339,Gasper,Walmsley,Male,650681,Engineering,China
893861127,Elissa,Eaken,Female,690065,Accounting,Philippines
283737842,Clary,Tommen,Female,240045,Legal,Russia
292509349,Margeaux,Nan Carrow,Female,942730,Support,China
464957556,Elinor,McPhilip,Female,787297,Support,Poland
587674383,Gerianne,Girdlestone,Female,846187,Training,Canada
264954737,Meaghan,Cleeves,Female,694185,Legal,Togo
585790976,Hoyt,Suter,Male,51934,Business Development,Thailand
907377129,Herta,Caldecott,Female,783675,Product Management,Canada
579123443,Daryle,Olivari,Male,276428,Human Resources,Philippines
42977891,Latrena,Cannicott,Female,650106,Services,China
861004059,Daveen,Tretwell,Female,423778,Legal,Poland
292461416,Derry,Pickthorne,Male,641523,Services,China
897178982,Kylie,Mabson,Bigender,607466,Services,Armenia
379887832,Carina,McCann,Female,424509,Product Management,Uganda
991506743,Shay,Dumblton,Male,806353,Accounting,China
12843167,Rick,Murrell,Male,823312,Product Management,Papua New Guinea
342630003,Phylys,Shearwood,Female,522516,Product Management,Mexico
103570247,Travis,Belle,Male,574315,Human Resources,Brazil
978999314,June,Chipperfield,Female,629346,Research and Development,Philippines
952118840,Ernestus,Cordelette,Male,742756,Marketing,China
746030091,Korie,Wanne,Female,448058,Product Management,Indonesia
613711150,Arel,Hariot,Male,891992,Engineering,Russia
28148406,Willi,Schaumann,Non-binary,373278,Sales,Russia
506292737,Clarabelle,McCarle,Female,235221,Training,Russia
923326478,Maura,Bearcroft,Polygender,978093,Training,Micronesia
300106282,Ximenez,Skelcher,Male,486735,Human Resources,Sudan
457284406,Levin,Gashion,Male,91657,Research and Development,Brazil
557334837,Brock,Mackie,Male,675776,Marketing,Indonesia
789165197,Jesus,Brigman,Male,929040,Support,Russia
528086037,Geralda,Muro,Female,100763,Business Development,China
779523083,Hamilton,Russ,Male,137307,Engineering,France
208672030,Colby,Sarfatti,Male,834755,Training,Spain
734278964,Flossy,Sams,Genderqueer,685837,Sales,China
382995064,Marley,Pittel,Female,246405,Support,Kyrgyzstan
165607049,Yuma,Top,Male,609861,Human Resources,Russia
352588598,Meaghan,Cultcheth,Female,534651,Research and Development,Russia
513621677,Parnell,McNelly,Male,149786,Accounting,Guatemala
497983364,Elisabet,Mohammad,Female,800523,Accounting,Czech Republic
139390295,Helsa,Bardell,Female,824616,Accounting,France
935372415,Jan,Kleimt,Male,892289,Engineering,Indonesia
831598635,Deeanne,Sebert,Female,146775,Support,Portugal
591304820,Faustine,Gheeorghie,Female,126102,Sales,France
78453857,Codi,Extil,Female,944463,Services,Argentina
679987884,Wait,Churchouse,Male,274623,Legal,Portugal
240476911,Vinson,Capell,Male,99962,Support,China
667902380,Cariotta,Bauduccio,Female,703157,Accounting,China
357734710,Zachary,Renner,Male,754016,Accounting,United States
200388631,Jeri,Churchman,Female,201334,Support,Philippines
323894901,Thornton,Guiness,Male,805258,Training,France
673810635,Xaviera,De Anesy,Non-binary,920903,Business Development,China
145549821,Francesco,Wilds,Male,835656,Sales,Uganda
988730604,Bartie,Chsteney,Male,316133,Business Development,Indonesia
919812516,Ruthi,Mauchlen,Female,542952,Accounting,Philippines
544665685,Meaghan,Chern,Female,281744,Product Management,Chad
953344512,Dotty,Ward,Genderfluid,223385,Sales,Spain
803230898,Helaine,Bursnoll,Female,936792,Sales,Brazil
535507449,Lothaire,Morbey,Male,739816,Research and Development,Brazil
208439345,Andras,O'Carrol,Male,106383,Business Development,Brazil
331480951,Stanwood,Batisse,Male,935120,Legal,Moldova
738044829,Abbie,Thelwll,Female,583019,Legal,Albania
966316733,Errol,Surgeoner,Male,68205,Research and Development,Indonesia
349944480,Dulci,Corrado,Female,967125,Training,Japan
861859508,Rahel,Hadrill,Female,655665,Business Development,South Africa
259824715,Marjie,Abrahams,Female,424618,Training,Indonesia
374355623,Glenna,Pakes,Female,951616,Engineering,Portugal
567713452,Mychal,Poznan,Male,424701,Human Resources,Peru
861182120,Nita,Gregon,Female,769519,Support,East Timor
326735248,Fionna,Colly,Female,301856,Legal,Russia
850638858,Tab,Ower,Male,721824,Accounting,Philippines
278861900,Fairleigh,Sweating,Male,772681,Research and Development,Canada
135855253,Rodolphe,Addey,Male,580160,Legal,Morocco
870505646,Neall,Matveiko,Male,112917,Human Resources,Brazil
767930451,Emma,Gove,Female,503773,Business Development,China
23261210,Othella,Woolmore,Female,565519,Human Resources,China
929738509,Joana,Besemer,Female,609436,Business Development,China
390932253,Morton,Willgress,Male,531893,Research and Development,Indonesia
123771798,Theresa,Childers,Genderfluid,74870,Engineering,Morocco
501709021,Dante,Keniwell,Genderfluid,903407,Product Management,Yemen
441062668,Stefano,Balden,Male,799140,Support,Pakistan
42517510,Idette,Dalman,Female,676876,Accounting,Indonesia
735983588,Gabriela,Endle,Female,606372,Support,Vietnam
571363497,Adrian,Leser,Male,540700,Research and Development,Poland
804336393,Riva,Stutt,Female,536380,Business Development,China
176399490,Alfonso,Anshell,Male,492632,Research and Development,China
109224384,Lissi,McSperrin,Female,253578,Research and Development,Philippines
381725586,Sonnie,Paynter,Agender,426206,Business Development,Thailand
160128482,Carrie,Soeiro,Female,860771,Accounting,Sweden
266371833,Yvor,Entwhistle,Male,734160,Human Resources,Turkey
467031234,Leoline,Briat,Female,485383,Product Management,China
149445675,Christian,Taphouse,Female,511539,Legal,Russia
331206532,Harrison,Gouldthorpe,Male,424042,Training,Syria
658666931,Burnard,Corbet,Male,699218,Business Development,Yemen
593063318,Constantia,Hardwell,Female,359650,Services,Indonesia
312823761,Osborne,Lawley,Male,570211,Legal,Portugal
469949162,Catherina,McGavigan,Female,558709,Human Resources,Portugal
739743126,Claudelle,Andreasen,Female,251019,Research and Development,China
419997146,Preston,Learmond,Male,145857,Research and Development,Senegal
383932533,Adora,Saleway,Genderfluid,442233,Accounting,United States
604516756,Rhiamon,Brannon,Female,868137,Research and Development,Ethiopia
792405453,Gweneth,Kirtland,Female,548301,Product Management,Thailand
443917643,Alice,Hurll,Female,183459,Legal,Indonesia
633817897,Cobby,Feldbaum,Male,707876,Product Management,Indonesia
13409203,Leticia,Boerder,Female,784289,Human Resources,Philippines
224035393,Lalo,Habbal,Polygender,216592,Marketing,Madagascar
892774921,Finley,Pallister,Male,912634,Sales,South Korea
401301837,Orazio,Jeste,Male,90989,Engineering,Croatia
335819561,Raddie,McLay,Male,429877,Training,Nigeria
201367007,Theodoric,Vido,Male,836080,Research and Development,China
749976217,Cate,Cleveland,Female,822480,Accounting,Sweden
531890960,Anya,Gowanlock,Female,169644,Human Resources,Indonesia
372274749,Becky,Furnell,Female,568202,Accounting,Russia
136407630,Edgard,Depport,Male,562251,Accounting,Philippines
825803170,Phillis,Kitchiner,Female,930528,Sales,United States
869240257,Carver,Izkovitch,Male,545614,Accounting,China
759625368,Charo,Tombs,Female,366423,Support,Portugal
249543402,Bertha,Deporte,Female,405050,Product Management,Indonesia
31798984,Brianna,Patkin,Agender,954949,Legal,China
717279431,Janifer,Collett,Female,351862,Training,Portugal
115923974,Pandora,Muncaster,Female,719748,Research and Development,China
696144026,Fredek,Regglar,Male,455172,Research and Development,Slovenia
222686750,Meir,Oldrey,Agender,510137,Business Development,Sudan
363836473,Elsi,Proswell,Female,821781,Human Resources,Mexico
36529874,Yoshiko,Batalle,Female,821062,Training,France
821360953,Sadie,Goulthorp,Female,861228,Human Resources,Syria
507854977,Cheri,Jowers,Female,894613,Services,Poland
869290167,Evangelina,Duesbury,Female,318796,Product Management,Indonesia
795801685,Porter,Knath,Male,509320,Training,Palestinian Territory
989821270,Noni,Byrth,Female,933477,Sales,Russia
755733185,Nessie,Josiah,Female,815287,Business Development,China
181290576,Sandye,Mahaddie,Female,405838,Services,Palestinian Territory
252006072,Jerrie,Divisek,Female,359645,Human Resources,China
623902747,Ronica,Duffell,Female,847861,Sales,United States
367466949,Urbano,Thorneley,Male,579254,Legal,Philippines
857016551,Derron,Idenden,Male,494457,Product Management,Sweden
35627185,Wilt,McClary,Male,339934,Support,Poland
374219846,Nesta,Picker,Female,597181,Human Resources,China
134881289,Hadria,Kellegher,Female,527730,Training,Indonesia
183773,Reggie,Tesche,Male,600346,Product Management,Poland
179837194,Ardyth,Everest,Female,387046,Sales,Venezuela
100017221,Herta,Moralas,Polygender,476166,Support,Indonesia
148186605,Garreth,Clarke-Williams,Male,458911,Human Resources,Indonesia
450613553,Veradis,Cupitt,Female,128612,Legal,Armenia
940746114,Nerty,Flanagan,Bigender,330469,Services,Angola
984033829,Cornelia,Marioneau,Female,326956,Services,Nigeria
517680457,Ara,Craigs,Female,238251,Research and Development,Greece
293388136,Damita,Hudson,Female,909737,Marketing,Poland
368743495,Jamill,Maffini,Male,85595,Legal,Indonesia
801012514,Etheline,Berkowitz,Female,603502,Services,Russia
549358286,Christoph,Laxe,Male,859169,Legal,Cameroon
812051307,Stacy,Petrou,Male,951065,Services,Bulgaria
635133673,Seumas,Dugmore,Polygender,107646,Business Development,Indonesia
367971968,Jenica,Butchart,Female,938544,Human Resources,Indonesia
771352060,Fidelio,Reynoollds,Male,625445,Support,Poland
789132221,Euell,Cutbirth,Male,234400,Accounting,China
523687467,Axe,Dunkerly,Male,216979,Training,China
721801989,Angil,Burder,Female,730135,Training,Brazil
137973671,Sargent,Froschauer,Male,957742,Human Resources,Laos
79643487,Miquela,Spurryer,Female,335449,Sales,Czech Republic
748100183,Brigitte,Gopsell,Female,269821,Product Management,Brazil
714336383,Angelina,Kingscott,Female,411279,Human Resources,Indonesia
194413079,Paco,Volk,Male,237141,Marketing,Czech Republic
189977766,Robby,Bullene,Male,305901,Training,Nigeria
698250625,Kellia,Bestwick,Female,406883,Marketing,Japan
933285184,Allina,Gansbuhler,Female,814527,Marketing,China
399473408,Cordy,Dahill,Male,256041,Services,Indonesia
674685680,Cornelius,Donlon,Male,489619,Product Management,China
467929945,Morty,Pack,Male,217407,Accounting,China
262181277,Harrietta,Sill,Female,696218,Legal,Russia
807130425,Rachele,Keates,Female,686300,Sales,Ecuador
704253887,Lauraine,MacKeever,Female,809194,Research and Development,Macedonia
664079962,Burk,Grewar,Male,98282,Accounting,Sweden
777913524,Miof mela,Lambden,Female,932484,Human Resources,Slovenia
744522682,Estel,O'Scanlon,Female,715913,Training,Libya
214435839,Waldemar,Diwell,Genderfluid,177692,Research and Development,Vietnam
556179754,Laney,Rittelmeyer,Female,418390,Research and Development,Nigeria
727644967,Berne,Threader,Male,496830,Accounting,China
163713513,Kass,Kermannes,Female,611243,Business Development,El Salvador
832745588,Dale,Gorgler,Male,153046,Research and Development,Indonesia
57322332,Stefan,Rohlf,Genderfluid,88945,Engineering,France
845291512,Judy,Newborn,Polygender,292482,Engineering,Canada
481569463,Barth,Eyckelberg,Male,754144,Legal,France
556745185,Gabi,Borrott,Female,872241,Marketing,Russia
194862953,Roderigo,Radage,Male,462304,Marketing,Colombia
913537438,Brocky,McTrusty,Male,747922,Marketing,Reunion
972338127,Brunhilde,Lavender,Female,652621,Services,Cameroon
745395822,Myca,Episcopi,Male,279196,Research and Development,Indonesia
594092953,Jerald,Purrier,Male,602695,Support,Indonesia
597830257,Lonnie,Dikelin,Female,762543,Support,China
32573101,Netti,Plumstead,Female,221469,Marketing,Poland
584432490,Patrice,Breukelman,Male,491507,Human Resources,North Korea
400342257,Bird,Lead,Female,709374,Research and Development,Brazil
487694546,Skell,Capes,Male,113349,Human Resources,Netherlands
710301432,Margaretha,Attkins,Female,455571,Human Resources,China
385883480,Erroll,Ablett,Male,136752,Support,China
277092387,Rodge,Lombardo,Male,332097,Engineering,China
416828603,Everett,Kettle,Male,585557,Services,Russia
614272787,Pete,Trowler,Male,439988,Legal,Colombia
81997055,Victor,Foxhall,Male,400408,Marketing,Liberia
607548757,Brennen,Farbrother,Male,317936,Engineering,Madagascar
200459511,Rochester,Earingey,Male,733554,Training,China
58881880,Vladamir,Voller,Male,808060,Human Resources,Indonesia
570777799,Rodrick,Semble,Male,83972,Support,China
816936097,Maryjo,Ubsdall,Female,563758,Product Management,Russia
263200707,Kenton,Favela,Male,963788,Accounting,Netherlands
8750215,Marcella,Stewart,Female,827470,Training,China
762810932,Dunn,Archibald,Male,162437,Legal,Finland
217870848,Mort,Eakly,Male,736083,Training,Croatia
954423518,Arch,Rylstone,Male,248225,Training,Czech Republic
564691524,Cahra,Mapplebeck,Female,989213,Engineering,Russia
450875663,Catrina,Luggar,Female,377452,Engineering,Peru
416327529,Grantley,Linthead,Male,358115,Services,China
797622517,Dian,Schroder,Female,612535,Engineering,Ukraine
381813279,Gayler,Kindleysides,Male,280049,Legal,Indonesia
933787120,Orbadiah,Puckham,Male,618201,Accounting,Poland
109583030,Bancroft,Scholig,Male,370290,Accounting,Indonesia
183773555,Egan,Swinney,Male,267945,Business Development,China
454623176,Alex,Gingedale,Male,329231,Product Management,Palestinian Territory
192860916,Krista,Clynman,Female,725466,Engineering,Poland
859630200,Donalt,Hoxey,Male,135929,Marketing,Turkmenistan
604451646,Alphonse,Aneley,Male,118073,Marketing,Indonesia
701262325,Reuben,MacUchadair,Male,930203,Research and Development,China
361184579,Lyn,Crepel,Male,394767,Research and Development,Bangladesh
359478712,Ramsay,Pock,Male,57218,Accounting,China
775722754,Roth,Titley,Male,855943,Services,Portugal
11861092,Veronica,Govan,Female,808437,Engineering,Indonesia
236332905,Vivi,Shawcross,Female,248733,Marketing,Russia
762223196,Mattheus,Caldero,Male,923242,Product Management,Ukraine
660026531,Odo,Roskell,Male,817960,Marketing,France
540416644,Jemimah,Worsall,Female,658045,Business Development,Colombia
884123787,Pembroke,O'Suaird,Male,320078,Training,United Kingdom
875832574,Giovanni,Sketch,Male,293631,Accounting,Ghana
314575812,Emmi,Carnalan,Female,720826,Human Resources,Ukraine
433432112,Fairlie,McAreavey,Genderfluid,413595,Training,Croatia
121098956,Vera,Oldcote,Female,919669,Support,Sweden
232816803,Krystyna,Cocklin,Female,371454,Business Development,Thailand
725904001,Brenn,Chestle,Female,641687,Legal,Indonesia
951111037,Niles,Extence,Male,109157,Accounting,China
299171209,Rolfe,Bowie,Male,701260,Support,Ukraine
491165053,Fredrika,Undrell,Female,269796,Accounting,Russia
271595760,Omar,Peace,Male,696943,Research and Development,Portugal
588658236,Sula,Turri,Female,538228,Accounting,Indonesia
787048567,Latia,Ffrench,Female,675864,Legal,Luxembourg
598339803,Rowe,Jime,Female,803618,Training,Cameroon
455820032,Pepillo,Nockles,Male,232282,Research and Development,Czech Republic
54700813,Adrian,Leguey,Female,66559,Sales,Indonesia
764091975,Brianna,Robuchon,Female,762215,Business Development,China
753550212,Moe,Pauncefoot,Male,430840,Accounting,Switzerland
545974020,Reba,Box,Female,985199,Marketing,Venezuela
775429889,Sheridan,Formby,Male,399184,Engineering,Peru
197356424,Roscoe,Toke,Male,984800,Business Development,Japan
697898880,Berni,Rorke,Female,953877,Training,China
585081196,Orel,Parradine,Female,917722,Accounting,China
365576490,Ax,Aleksandrikin,Male,211506,Human Resources,China
726346343,Giacinta,Hayer,Female,200500,Support,Philippines
224005495,Evangelin,Kilsby,Female,699499,Services,Colombia
225044415,Cecilio,Bawme,Male,60504,Business Development,Russia
146053543,Stoddard,Schonfelder,Agender,607243,Engineering,Indonesia
547151334,Benedikt,Beeching,Male,588386,Marketing,France
642629088,Jodi,Alldritt,Female,812071,Support,Poland
546602527,Coriss,Gamlen,Female,909031,Training,Philippines
410639127,Dino,Bleaden,Male,821079,Engineering,Czech Republic
950176040,Giulio,Meiklam,Male,992320,Research and Development,Honduras
963670364,Rick,Hucknall,Bigender,565037,Marketing,China
228819100,Waiter,Mattersley,Male,206693,Support,Sweden
185174806,Mattheus,Duffus,Male,119790,Product Management,Poland
1797508,Asher,Chimenti,Male,808589,Marketing,Sweden
94615439,Northrop,Firmage,Male,103143,Human Resources,Ukraine
757038035,Travers,Palser,Bigender,926568,Training,Tanzania
927118893,Matthew,Simkovich,Non-binary,598614,Human Resources,Ireland
618596694,Sallie,Bremley,Female,222646,Engineering,Colombia
823301835,Trev,Rosenbloom,Male,65987,Legal,United States
794497869,Garner,Malafe,Male,102279,Services,Russia
344550205,Gale,Crothers,Female,415509,Business Development,China
799646582,Simeon,Doll,Male,529426,Business Development,Indonesia
495260834,Sisile,Howorth,Female,393673,Sales,China
914905926,Benny,Gilogly,Male,404282,Marketing,Slovakia
569283857,Delmore,Constant,Male,492912,Engineering,Gambia
145922541,Bram,Hovee,Male,464412,Engineering,Czech Republic
766317746,Dennet,Bernardelli,Male,738583,Business Development,Peru
150530384,Flory,Gildersleaves,Male,856071,Marketing,Nicaragua
822698931,Shaughn,Flockhart,Male,568967,Research and Development,Philippines
442685143,Thatch,Colt,Male,571182,Business Development,Dominican Republic
601372121,Adina,Jestico,Female,275006,Sales,Kyrgyzstan
15664150,Vera,Labrum,Female,193898,Business Development,China
494987189,Carlie,Loalday,Female,836364,Engineering,Indonesia
307944997,Betti,Audiss,Polygender,171733,Sales,China
148302575,Sergent,Krimmer,Male,146621,Sales,China
820617240,Nicoli,Ziebart,Female,335434,Business Development,Chad
301447293,Deeanne,McIlwreath,Non-binary,484701,Training,Indonesia
943455011,Jo-anne,Tuffrey,Female,212245,Accounting,Chile
933766980,Nerita,Snowling,Female,336367,Accounting,Indonesia
876052270,Osborne,Ryal,Male,754052,Training,China
57317427,Helene,Yerson,Polygender,803740,Legal,Indonesia
56043933,Flemming,Biasotti,Male,478332,Human Resources,Russia
622002694,Jammal,Toopin,Male,214244,Product Management,Russia
232474861,Blondie,Colbourn,Female,849323,Human Resources,Poland
875357278,Pansie,Henbury,Female,196574,Research and Development,Iran
317996647,Lewes,Billo,Male,100460,Support,Brazil
496377673,Bernita,Merigeau,Female,102596,Sales,China
122831122,Sax,Althorpe,Male,510760,Accounting,Zimbabwe
97199226,Sibella,Eatherton,Female,797555,Sales,Argentina
933136209,Irwin,Colrein,Male,571234,Engineering,Canada
118761524,Ninon,Hazeldean,Female,187294,Engineering,Paraguay
467632569,Bord,Feirn,Male,533417,Services,Russia
339525340,Frederica,Grise,Female,464384,Sales,Brazil
